AveragePrice,Total Volume,type,region,month
1.3403942828872928,109265.08450319157,conventional,Albany,1
1.7697096099363268,107490.2412787983,organic,Albany,1
1.010233490753441,109329.12845847219,conventional,Atlanta,1
1.7099448293716297,107522.50389430168,organic,Atlanta,1
1.2102712530504913,109325.00192002706,conventional,BaltimoreWashington,1
1.5100323715241657,107520.2614245555,organic,BaltimoreWashington,1
1.0298208213169289,109254.94304136174,conventional,Boise,1
1.380210857735357,107485.75633930594,organic,Boise,1
1.179811618495389,109327.88599800077,conventional,Boston,1
1.830357009522595,107521.13158494703,organic,Boston,1
1.380366038718768,109308.8723825671,conventional,BuffaloRochester,1
1.5398837823471623,107513.55223059023,organic,BuffaloRochester,1
0.969660923620526,109364.01336043721,conventional,California,1
1.4303364335886217,107594.07777876654,organic,California,1
1.179864905666558,109328.26152606476,conventional,Charlotte,1
1.6804200797212605,107520.75283809533,organic,Charlotte,1
1.2100500895017212,109326.8784996796,conventional,Chicago,1
1.6899941359270576,107521.38372929236,organic,Chicago,1
0.8401621202156453,109328.00509306794,conventional,CincinnatiDayton,1
1.3995994658285433,107522.5103226807,organic,CincinnatiDayton,1
0.9597705083527424,109326.75725568848,conventional,Columbus,1
1.4701160040161891,107520.38159868283,organic,Columbus,1
0.7999086398836741,109326.75726488489,conventional,DallasFtWorth,1
1.2553051165300646,107522.26675563832,organic,DallasFtWorth,1
0.9298488097030617,109331.87843569674,conventional,Denver,1
1.0803570756960579,107526.12936284384,organic,Denver,1
1.0202414923541634,109328.3849097834,conventional,Detroit,1
1.5787144596374987,107521.38158956481,organic,Detroit,1
1.1502053216190797,109322.88394064887,conventional,GrandRapids,1
1.5204608604373269,107519.0189364949,organic,GrandRapids,1
1.0502217217860492,109353.91260860904,conventional,GreatLakes,1
1.4498685616058822,107571.90431204696,organic,GreatLakes,1
1.1901387773292562,109328.62847682578,conventional,HarrisburgScranton,1
1.7003284598236639,107523.00709473579,organic,HarrisburgScranton,1
1.330332648292705,109326.00405063659,conventional,HartfordSpringfield,1
2.1798443175572872,107521.13802252244,organic,HartfordSpringfield,1
0.7397773718762973,109328.50402324337,conventional,Houston,1
1.3002312769673388,107523.13154831821,organic,Houston,1
1.0204197513227853,109326.01156727217,conventional,Indianapolis,1
1.4798172478676377,107520.76570404977,organic,Indianapolis,1
1.0998718012464754,109320.37432087537,conventional,Jacksonville,1
1.6703576484037077,107518.14555731567,organic,Jacksonville,1
0.9101633061624737,109326.00619956054,conventional,LasVegas,1
1.5699685526187075,107520.00606142245,organic,LasVegas,1
0.8398255510049488,109336.45998472431,conventional,LosAngeles,1
1.1804510142338789,107541.3876608521,organic,LosAngeles,1
0.9903050327285412,109266.09308976929,conventional,Louisville,1
1.5799791814116688,107493.00624331206,organic,Louisville,1
1.2003671166060608,109329.50506559633,conventional,MiamiFtLauderdale,1
1.4198986419826516,107522.87942236566,organic,MiamiFtLauderdale,1
1.1201113408567978,109343.81080530987,conventional,Midsouth,1
1.5698518559911951,107558.03113416945,organic,Midsouth,1
0.9702971568624792,109327.88063028913,conventional,Nashville,1
1.5300143093825898,107521.88265027138,organic,Nashville,1
0.9998946449033419,109325.61885701309,conventional,NewOrleansMobile,1
1.4004496873611898,107521.88801798303,organic,NewOrleansMobile,1
1.27031076592492,109329.48899924698,conventional,NewYork,1
1.979779449687062,107527.00809134194,organic,NewYork,1
1.2497678260470193,109350.54567600565,conventional,Northeast,1
1.8303382916133413,107568.16941399714,organic,Northeast,1
1.1602158182854263,109326.38279748827,conventional,NorthernNewEngland,1
1.7398295437073092,107520.00714048262,organic,NorthernNewEngland,1
1.1397337439480568,109330.62951925714,conventional,Orlando,1
1.6603942127851168,107525.1347488699,organic,Orlando,1
1.2998782987750426,109330.38166356328,conventional,Philadelphia,1
1.7648516927018911,107523.12619899935,organic,Philadelphia,1
0.6896208407585599,109324.87424765693,conventional,PhoenixTucson,1
1.5603102430314366,107520.76033633812,organic,PhoenixTucson,1
1.2002427980025265,109275.72487680403,conventional,Pittsburgh,1
1.4497989581794073,107495.35389989639,organic,Pittsburgh,1
1.0798330903220106,109329.99969792388,conventional,Plains,1
1.6316891506181943,107525.38689321523,organic,Plains,1
0.9597774243680974,109329.62524892006,conventional,Portland,1
1.320204181982576,107524.631530043,organic,Portland,1
1.1394788475002593,109328.37740234422,conventional,RaleighGreensboro,1
1.7018763716738508,107522.1283570413,organic,RaleighGreensboro,1
1.0699499232187095,109329.12739780481,conventional,RichmondNorfolk,1
1.4504809143064852,107524.00922534532,organic,RichmondNorfolk,1
1.0508768325094395,109319.12221323723,conventional,Roanoke,1
1.4500732445485383,107518.64874855339,organic,Roanoke,1
1.100403048381452,109327.13063482854,conventional,Sacramento,1
1.7799746982467548,107520.37945895529,organic,Sacramento,1
0.9199329196333779,109327.25187881965,conventional,SanDiego,1
1.420240264197503,107520.62623558898,organic,SanDiego,1
1.1299578198211786,109329.13061659252,conventional,SanFrancisco,1
2.010964872585796,107523.25709015719,organic,SanFrancisco,1
0.9598250845495291,109328.87312292833,conventional,Seattle,1
1.4203974784293194,107525.00919783452,organic,Seattle,1
1.0899779220829469,109326.00297157642,conventional,SouthCarolina,1
1.5602724628157207,107520.38374760677,organic,SouthCarolina,1
0.8296508248225856,109347.80859232471,conventional,SouthCentral,1
1.310336522644348,107561.52894873425,organic,SouthCentral,1
1.0797778450818807,109327.8742111065,conventional,Southeast,1
1.5304310651969184,107523.38046467945,organic,Southeast,1
0.9797785155819425,109261.71439778245,conventional,Spokane,1
1.4804550418934195,107489.50843794363,organic,Spokane,1
1.1396947998747116,109326.50619959971,conventional,StLouis,1
1.5702637559266526,107521.38478995973,organic,StLouis,1
1.350361789822007,109246.93889002911,conventional,Syracuse,1
1.6004751193380617,107481.77139065636,organic,Syracuse,1
1.1402764654021142,109327.37956958257,conventional,Tampa,1
1.5022607295531492,107522.38692976566,organic,Tampa,1
1.0227172207701567,109363.85890468722,conventional,TotalUS,1
1.477296654186556,107600.57871119388,organic,TotalUS,1
0.8898982907085433,109368.86312015945,conventional,West,1
1.3303784740325242,107604.9552634532,organic,West,1
0.820302967414855,109329.00829354124,conventional,WestTexNewMexico,1
1.5899067060693024,107523.38906957158,organic,WestTexNewMexico,1
1.2299409081336496,109265.39155077779,conventional,Albany,2
1.6907687300456193,107513.89955602564,organic,Albany,2
0.9396753880932533,109330.18978097408,conventional,Atlanta,2
1.3901452094777786,107547.29628155293,organic,Atlanta,2
1.2101790722124715,109325.6866446012,conventional,BaltimoreWashington,2
1.6196893133609112,107544.29737877075,organic,BaltimoreWashington,2
1.0002513411949225,109258.27258391146,conventional,Boise,2
1.5498345941419005,107512.05727638854,organic,Boise,2
1.1795560624186059,109327.81321047874,conventional,Boston,2
1.7401376759056775,107545.1696972826,organic,Boston,2
1.370323293419285,109309.43265355882,conventional,BuffaloRochester,2
1.5776444944867862,107536.95728441207,organic,BuffaloRochester,2
0.8895466937631535,109363.31290970226,conventional,California,2
1.460151957672169,107616.85516937547,organic,California,2
1.1502013168166878,109328.18873854273,conventional,Charlotte,2
1.8098749639553389,107544.79095043092,organic,Charlotte,2
1.1496136843835394,109327.68983595648,conventional,Chicago,2
1.6301575798707402,107545.29307180487,organic,Chicago,2
0.829577383419114,109328.4387523569,conventional,CincinnatiDayton,2
1.2299362788281114,107546.0419882053,organic,CincinnatiDayton,2
0.9296020158557994,109326.93769157196,conventional,Columbus,2
1.3697373104219848,107544.16648761292,organic,Columbus,2
0.7502391667528364,109326.30895849527,conventional,DallasFtWorth,2
1.2695625768738308,107545.16967888983,organic,DallasFtWorth,2
0.9001493617754932,109332.05887158022,conventional,Denver,2
1.289774325848719,107549.91425177392,organic,Denver,2
1.0203116794083482,109328.5642666067,conventional,Detroit,2
1.4036487843037746,107545.54523454298,organic,Detroit,2
1.1698093972293455,109323.06437653233,conventional,GrandRapids,2
1.5447669660296441,107542.80382542498,organic,GrandRapids,2
1.0314999557845348,109354.59625412301,conventional,GreatLakes,2
1.3902738649281134,107596.3190223103,organic,GreatLakes,2
1.1597937238714047,109329.43765498234,conventional,HarrisburgScranton,2
1.657844354226412,107547.67394934446,organic,HarrisburgScranton,2
1.2703087059293452,109325.68127688956,conventional,HartfordSpringfield,2
2.139662570706017,107544.29309011927,organic,HartfordSpringfield,2
0.6603326045200596,109328.935524412,conventional,Houston,2
1.3097782092049988,107547.42072593897,organic,Houston,2
0.9301007679292981,109326.19200315564,conventional,Indianapolis,2
1.4396317560331637,107544.55059297985,organic,Indianapolis,2
1.0815891433403146,109320.30153335334,conventional,Jacksonville,2
1.7798610761211378,107542.18366965125,organic,Jacksonville,2
0.8397478212921139,109326.31000996626,conventional,LasVegas,2
1.3901284523624298,107544.80060679404,organic,LasVegas,2
0.7498101315934992,109337.90006327427,conventional,LosAngeles,2
1.25969026285264,107566.17896904319,organic,LosAngeles,2
0.9501126448779273,109267.28426115442,conventional,Louisville,2
1.5699650361288249,107516.53575071633,organic,Louisville,2
1.0803750582979474,109329.1822918493,conventional,MiamiFtLauderdale,2
1.5496430000577264,107546.0344899625,organic,MiamiFtLauderdale,2
1.050056829638587,109343.48371532219,conventional,Midsouth,2
1.490644894606688,107582.7012259586,organic,Midsouth,2
0.8998955493105005,109328.0610661726,conventional,Nashville,2
1.3803117843135244,107545.66753920147,organic,Nashville,2
0.900119462217569,109327.0610936834,conventional,NewOrleansMobile,2
1.4297385560381715,107545.92181407796,organic,NewOrleansMobile,2
1.2510749590241814,109331.17906402196,conventional,NewYork,2
1.9221178180334508,107552.68244427178,organic,NewYork,2
1.2098503362997575,109350.60165830671,conventional,Northeast,2
1.7902821332981116,107591.32340253382,organic,Northeast,2
1.159883419994873,109327.31858734759,conventional,NorthernNewEngland,2
1.7203245475568576,107544.54738338855,organic,NorthernNewEngland,2
1.0802701310019118,109330.8099551406,conventional,Orlando,2
1.749811437148133,107548.91963779998,organic,Orlando,2
1.1901086383341593,109330.30887604125,conventional,Philadelphia,2
1.7195571660302598,107547.16431133494,organic,Philadelphia,2
0.5697290701232306,109325.0546835404,conventional,PhoenixTucson,2
1.4996398268033857,107544.54522526822,organic,PhoenixTucson,2
1.161520662724828,109275.90531268751,conventional,Pittsburgh,2
1.4799863446103019,107519.13878882647,organic,Pittsburgh,2
1.0062137143944185,109330.68550155818,conventional,Plains,2
1.5802917274042765,107549.0440913824,organic,Plains,2
0.8797043521046626,109330.43550613678,conventional,Portland,2
1.4101317192532834,107548.91962860359,organic,Portland,2
1.0901655359823048,109329.56533654885,conventional,RaleighGreensboro,2
1.6698802819647778,107546.79413258981,organic,RaleighGreensboro,2
1.0297716127992231,109329.0567684031,conventional,RichmondNorfolk,2
1.4102232413629998,107547.28982558474,organic,RichmondNorfolk,2
0.98979430015925,109320.05800309654,conventional,Roanoke,2
1.3902598753922386,107543.1889914593,organic,Roanoke,2
1.0798981955303104,109327.4366033546,conventional,Sacramento,2
1.7800607251026572,107544.41649223071,organic,Sacramento,2
0.879620542684556,109328.06213603636,conventional,SanDiego,2
1.4500658048143231,107544.91433414957,organic,SanDiego,2
1.1303261561858038,109329.43658511857,conventional,SanFrancisco,2
2.0102631320838382,107547.29412343261,organic,SanFrancisco,2
0.9699103703788003,109329.68338014504,conventional,Seattle,2
1.4603074794905102,107549.29729639512,organic,Seattle,2
1.0098677324017835,109326.68877521073,conventional,SouthCarolina,2
1.5201006220847952,107544.04094577394,organic,SouthCarolina,2
0.749744351981188,109348.24009349335,conventional,SouthCentral,2
1.2897674653593159,107585.818126355,organic,SouthCentral,2
1.0147327239974693,109328.1791005724,conventional,Southeast,2
1.5398619077114257,107547.79625400295,organic,Southeast,2
0.9094073445192987,109262.90449010741,conventional,Spokane,2
1.5402414592809468,107513.41670139598,organic,Spokane,2
1.0799893992451537,109326.5611028406,conventional,StLouis,2
1.609625091073134,107544.9175345445,organic,StLouis,2
1.3702781824698698,109248.00129159116,conventional,Syracuse,2
1.6197311160416883,107506.18502185954,organic,Syracuse,2
1.0202704650923209,109327.18124941795,conventional,Tampa,2
1.5897339860676147,107546.17289775591,organic,Tampa,2
0.9599584238076941,109363.78827528552,conventional,TotalUS,2
1.4601598024041753,107623.85931143332,organic,TotalUS,2
0.8700254314585585,109368.66803717533,conventional,West,2
1.3901939599792523,107627.6049632992,organic,West,2
0.7499490864205313,109328.43445450903,conventional,WestTexNewMexico,2
1.4901955599500702,107546.03984847775,organic,WestTexNewMexico,2
1.2098550901978176,109259.29396287249,conventional,Albany,3
1.7798618281236378,107503.15618128453,organic,Albany,3
1.079802056157308,109322.70809681984,conventional,Atlanta,3
1.3802786209757296,107534.9155871574,organic,Atlanta,3
1.260118667630959,109318.58263743488,conventional,BaltimoreWashington,3
1.5397901616468275,107532.29436136314,organic,BaltimoreWashington,3
1.0499985418779998,109249.90893407864,conventional,Boise,3
1.526463449313847,107499.04783971992,organic,Boise,3
1.2096830264460012,109320.83473595501,conventional,Boston,3
1.8201933210821115,107533.41882422032,organic,Boston,3
1.2902853643862804,109302.58079073785,conventional,BuffaloRochester,3
1.6696952628154744,107525.07979964704,organic,BuffaloRochester,3
1.049965190902685,109356.8387238692,conventional,California,3
1.509658496437459,107605.35536159835,organic,California,3
1.241945837678029,109321.58794100692,conventional,Charlotte,3
1.7999188640443926,107533.41775435656,organic,Charlotte,3
1.2795576888032845,109320.08046103934,conventional,Chicago,3
1.6001712750241222,107533.41774516017,organic,Chicago,3
0.9695525502182637,109321.58581047576,conventional,CincinnatiDayton,3
1.2699330507143334,107534.54325948835,organic,CincinnatiDayton,3
1.0499596169172887,109319.20278401223,conventional,Columbus,3
1.3998071586931922,107532.03901662288,organic,Columbus,3
0.8300655130603698,109319.32940491138,conventional,DallasFtWorth,3
1.2601069899849402,107533.79756187563,organic,DallasFtWorth,3
1.0803021554196244,109325.45699498424,conventional,Denver,3
1.1697051836939591,107538.91981174765,organic,Denver,3
1.069752355740706,109321.46133850057,conventional,Detroit,3
1.3301401650675138,107533.16346108729,organic,Detroit,3
1.2731589051546028,109316.2114346512,conventional,GrandRapids,3
1.5494095341479552,107531.30509670805,organic,GrandRapids,3
1.1402333843436896,109348.62419886029,conventional,GreatLakes,3
1.429764561296871,107585.82779191452,organic,GreatLakes,3
1.1802515613887377,109322.20811517345,conventional,HarrisburgScranton,3
1.6796491122978716,107535.41878759152,organic,HarrisburgScranton,3
1.3297156633794913,109319.33262369908,conventional,HartfordSpringfield,3
2.1701473615481257,107533.0454266875,organic,HartfordSpringfield,3
0.8101561153126402,109322.20811517345,conventional,Houston,3
1.2096731821626867,107536.17414156736,organic,Houston,3
1.129688992994065,109318.20603031074,conventional,Indianapolis,3
1.3801297767410319,107531.91883329915,organic,Indianapolis,3
1.1998112887080505,109314.08057092578,conventional,Jacksonville,3
1.6998967195490635,107530.43063846865,organic,Jacksonville,3
0.9200505552384134,109318.95493751478,conventional,LasVegas,3
1.4496381044141262,107532.29330069576,organic,LasVegas,3
1.0002330083802433,109331.67262648573,conventional,LosAngeles,3
1.2898710384267593,107556.69847414907,organic,LosAngeles,3
1.079833280184988,109258.66522979579,conventional,Louisville,3
1.420346356264159,107504.53704954936,organic,Louisville,3
1.2602537782003413,109322.83363865882,conventional,MiamiFtLauderdale,3
1.629623460465282,107534.78682653072,organic,MiamiFtLauderdale,3
1.200012395935399,109337.5138181798,conventional,Midsouth,3
1.5097106791848627,107571.45248346667,organic,Midsouth,3
0.9702717622967688,109321.20920335162,conventional,Nashville,3
1.4198354536555893,107533.79005443644,organic,Nashville,3
1.039737206692505,109320.33368444483,conventional,NewOrleansMobile,3
1.4602176600348613,107534.67522970634,organic,NewOrleansMobile,3
1.3498168123940475,109324.7016410084,conventional,NewYork,3
1.9244664181799802,107542.31890463892,organic,NewYork,3
1.2804479990831827,109344.88066832915,conventional,Northeast,3
1.779651322962894,107581.3364608287,organic,Northeast,3
1.1899133365984824,109319.45814714527,conventional,NorthernNewEngland,3
1.740359120181225,107532.16776805317,organic,NorthernNewEngland,3
1.179842098204804,109323.95809231962,conventional,Orlando,3
1.6970894713796003,107537.04215303496,organic,Orlando,3
1.3399457500008594,109324.08683455353,conventional,Philadelphia,3
1.7303546443276705,107535.79003620041,organic,Philadelphia,3
0.6195934388536762,109318.9570956351,conventional,PhoenixTucson,3
1.46974023402762,107533.8018505271,organic,PhoenixTucson,3
1.180274289933901,109268.92791722395,conventional,Pittsburgh,3
1.399608026165228,107507.00915971612,organic,Pittsburgh,3
1.1496787010690186,109324.08362496221,conventional,Plains,3
1.600171823231195,107538.04965135612,organic,Plains,3
1.0003136315680923,109322.69951951689,conventional,Portland,3
1.4300798231471796,107537.17091366163,organic,Portland,3
1.2302854538766617,109322.8379273103,conventional,RaleighGreensboro,3
1.8299330411051526,107535.5475482182,organic,RaleighGreensboro,3
1.1090137444803294,109322.58150350988,conventional,RichmondNorfolk,3
1.4402422691606476,107536.16877385571,organic,RichmondNorfolk,3
1.0599133185361969,109313.07952857281,conventional,Roanoke,3
1.379752772716152,107531.43811839703,organic,Roanoke,3
1.2296846838469098,109321.4667062122,conventional,Sacramento,3
1.8602899028411164,107533.16774973877,organic,Sacramento,3
1.019881558562103,109321.46133850057,conventional,SanDiego,3
1.48973625794104,107533.5411380752,organic,SanDiego,3
1.299802385457505,109322.33257795226,conventional,SanFrancisco,3
2.063258701583413,107535.291106025,organic,SanFrancisco,3
1.0397525501612392,109322.4495240955,conventional,Seattle,3
1.4498014921486353,107538.55715883449,organic,Seattle,3
1.159861531615947,109320.08689861475,conventional,SouthCarolina,3
1.4602507861267326,107533.04650574765,organic,SouthCarolina,3
0.860011251214577,109341.38607255205,conventional,SouthCentral,3
1.30954007191157,107574.69815368614,organic,SouthCentral,3
1.129811571414903,109322.33149889209,conventional,Southeast,3
1.5102908056730515,107537.93592400059,organic,Southeast,3
1.0302158532998078,109254.16100516636,conventional,Spokane,3
1.4797317033432908,107500.78709983561,organic,Spokane,3
1.230052361138103,109319.07726056605,conventional,StLouis,3
1.635782279806183,107533.29435224512,organic,StLouis,3
1.27999998112951,109240.77067272211,conventional,Syracuse,3
1.6898993940584401,107494.30861615467,organic,Syracuse,3
1.1801549547044776,109320.8315171673,conventional,Tampa,3
1.5796017598319967,107535.30399037221,organic,Tampa,3
1.040112236342925,109358.0694434283,conventional,TotalUS,3
1.41974785980606,107613.11485763204,organic,TotalUS,3
0.9003519992462559,109361.68848359144,conventional,West,3
1.3099497548740229,107616.23284628501,organic,West,3
0.8097272059726335,109322.0847222584,conventional,WestTexNewMexico,3
1.520319419133639,107535.17094109405,organic,WestTexNewMexico,3
1.2802047504375995,109244.43826131825,conventional,Albany,4
1.8196683547756414,107529.98810767013,organic,Albany,4
1.0697428961670017,109309.11311699229,conventional,Atlanta,4
1.5303494773024504,107562.37517675593,organic,Atlanta,4
1.38019722679129,109305.23764383233,conventional,BaltimoreWashington,4
1.7401111419595137,107560.6369957004,organic,BaltimoreWashington,4
1.0497747250950766,109236.43948689367,conventional,Boise,4
1.330319102964002,107526.75957366377,organic,Boise,4
1.2101725230138558,109306.48332309145,conventional,Boston,4
1.839721290977185,107560.5018158911,organic,Boston,4
1.4402010786712074,109289.23687619546,conventional,BuffaloRochester,4
1.7959941276477336,107553.04367793622,organic,BuffaloRochester,4
1.0397160331709587,109342.11179213805,conventional,California,4
1.5101150394399632,107631.30316418504,organic,California,4
1.2797622987548287,109307.48975154886,conventional,Charlotte,4
1.9803400218339804,107560.24752262182,organic,Charlotte,4
1.3399711185096945,109307.23975612746,conventional,Chicago,4
1.7495970397177945,107562.0114447826,organic,Chicago,4
1.0297529023385574,109306.85564156412,conventional,CincinnatiDayton,4
1.3200791510502168,107561.62733021927,organic,CincinnatiDayton,4
1.059856128001437,109306.9919004336,conventional,Columbus,4
1.4361678476786286,107561.13592587582,organic,Columbus,4
0.7996505993508911,109305.60889244123,conventional,DallasFtWorth,4
1.260009209660088,107561.00500712881,organic,DallasFtWorth,4
1.0899749652134814,109310.97897041793,conventional,Denver,4
1.0496883565831818,107566.12941512116,organic,Denver,4
1.1199207793995822,109307.61421432767,conventional,Detroit,4
1.447153822143292,107560.49751804322,organic,Detroit,4
1.2003601249173563,109302.11216613297,conventional,GrandRapids,4
1.7599060151553156,107558.5136210214,organic,GrandRapids,4
1.1598380513211446,109334.14725335414,conventional,GreatLakes,4
1.4601851477751446,107612.65863923995,organic,GreatLakes,4
1.2803712163836432,109307.60563702471,conventional,HarrisburgScranton,4
1.8897094096054605,107561.99749057161,organic,HarrisburgScranton,4
1.4301547856844505,109305.10782253827,conventional,HartfordSpringfield,4
2.2801420367521072,107560.00180665552,organic,HartfordSpringfield,4
0.7702303538069514,109307.73224872747,conventional,Houston,4
1.159619404771982,107562.6262328447,organic,Houston,4
1.1295287620520682,109304.86211576835,conventional,Indianapolis,4
1.4502835758971888,107559.88271158835,organic,Indianapolis,4
1.1099865043144581,109300.6111237408,conventional,Jacksonville,4
1.790384108896144,107558.14237241249,organic,Jacksonville,4
0.9097032250759984,109305.73763467513,conventional,LasVegas,4
1.4203018177231523,107560.13056728219,organic,LasVegas,4
0.912189335575166,109318.20317930075,conventional,LosAngeles,4
1.290314825671379,107584.41020809293,organic,LosAngeles,4
1.07028656933449,109243.43185125364,conventional,Louisville,4
1.4898938792089804,107530.99129894705,organic,Louisville,4
1.2103379495687578,109308.73437014059,conventional,MiamiFtLauderdale,4
1.709848918740955,107561.99535084407,organic,MiamiFtLauderdale,4
1.1701559152072696,109322.91241909123,conventional,Midsouth,4
1.5597871058310524,107597.65243039868,organic,Midsouth,4
0.9898402559030872,109307.23546747597,conventional,Nashville,4
1.3303091656350623,107561.25072309513,organic,Nashville,4
1.0602911674809126,109305.73120629611,conventional,NewOrleansMobile,4
1.5296998905740002,107561.25393268644,organic,NewOrleansMobile,4
1.5197598927847797,109310.10132098,conventional,NewYork,4
2.0402182345493087,107568.14009552285,organic,NewYork,4
1.2802647470096498,109329.52391526476,conventional,Northeast,4
1.9398016160494351,107606.78105378489,organic,Northeast,4
1.2299061453673088,109305.86208825755,conventional,NorthernNewEngland,4
1.719718716680359,107560.00611369977,organic,NorthernNewEngland,4
1.1601658430767763,109310.10988908657,conventional,Orlando,4
1.7280181164994832,107564.75496603896,organic,Orlando,4
1.5298985303096515,109309.86203339271,conventional,Philadelphia,4
1.8878292628484021,107562.74641616843,organic,Philadelphia,4
0.6302644021315172,109304.73121541413,conventional,PhoenixTucson,4
1.4798228700959382,107561.1369865432,organic,PhoenixTucson,4
1.2701283111915531,109255.58508174172,conventional,Pittsburgh,4
1.4501883034062828,107534.59428195722,organic,Pittsburgh,4
1.0998456036706468,109309.98435644398,conventional,Plains,4
1.69033475714369,107565.25817566947,organic,Plains,4
0.8898700343938544,109308.97900704674,conventional,Portland,4
1.2476984892575114,107564.37835891482,organic,Portland,4
1.223691069709066,109308.4875935069,conventional,RaleighGreensboro,4
1.7798265924045849,107562.25178384088,organic,RaleighGreensboro,4
1.0897251792705622,109308.60776763424,conventional,RichmondNorfolk,4
1.3602287615005715,107563.6294425144,organic,RichmondNorfolk,4
1.0996483909194965,109298.60258306666,conventional,Roanoke,4
1.229370876373531,107558.26896572245,organic,Roanoke,4
1.259782261006416,109306.8631490033,conventional,Sacramento,4
1.9501168228199863,107560.12520876694,organic,Sacramento,4
1.079959340634534,109307.23653733975,conventional,SanDiego,4
1.5903129313694315,107560.49751804322,organic,SanDiego,4
1.4302772772181638,109307.85347432578,conventional,SanFrancisco,4
2.309720028110621,107562.87946544659,organic,SanFrancisco,4
1.0242636357378017,109308.35241369759,conventional,Seattle,4
1.4899414853809811,107565.00817105168,organic,Seattle,4
1.1502744246046004,109305.98655103636,conventional,SouthCarolina,4
1.769574342261657,107560.63378610909,organic,SouthCarolina,4
0.8197310831110856,109326.65806176073,conventional,SouthCentral,4
1.2501240516775876,107601.02471232091,organic,SouthCentral,4
1.173967821869498,109307.47903451836,conventional,Southeast,4
1.6798106121901841,107563.63158224194,organic,Southeast,4
1.0199964528631023,109240.81816968412,conventional,Spokane,4
1.5602678124522307,107528.37222207671,organic,Spokane,4
1.2600045067021084,109305.48012261816,conventional,StLouis,4
1.5017722974584287,107561.5114539398,organic,StLouis,4
1.3201615027493823,109228.68855896655,conventional,Syracuse,4
1.7623509021136081,107522.5214016087,organic,Syracuse,4
1.1399082488113352,109306.35672978149,conventional,Tampa,4
1.5802666272209511,107561.37732560148,organic,Tampa,4
1.0800086561574194,109341.7062711029,conventional,TotalUS,4
1.5142794255910157,107637.29980792172,organic,TotalUS,4
0.8899187138380276,109346.96263092046,conventional,West,4
1.3304290770399572,107641.80189282361,organic,West,4
0.7997012849465295,109307.48224410966,conventional,WestTexNewMexico,4
1.5000078491775928,107561.74964407415,organic,WestTexNewMexico,4
1.330315696854419,109251.86402754618,conventional,Albany,5
1.7999143959466928,107523.34666450741,organic,Albany,5
1.0003321315479723,109314.1451305298,conventional,Atlanta,5
1.4898253171927605,107553.97303941651,organic,Atlanta,5
1.270144831268453,109309.63983603659,conventional,BaltimoreWashington,5
1.7896251040884583,107551.73164873049,organic,BaltimoreWashington,5
0.9597101766594109,109241.47257949134,conventional,Boise,5
1.3701091625394037,107517.97868027628,organic,Boise,5
1.240209962263178,109311.76856003446,conventional,Boston,5
1.8398384669576915,107551.84645514618,organic,Boston,5
1.3923928778823806,109293.2613914118,conventional,BuffaloRochester,5
1.7398486178462038,107543.7606539784,organic,BuffaloRochester,5
1.0001367980266096,109347.0171939728,conventional,California,5
1.579940103399437,107623.02763854837,organic,California,5
1.2896462826162358,109311.89086469295,conventional,Charlotte,5
1.9502287016766666,107551.7209317,organic,Charlotte,5
1.2100169555187383,109311.76963909462,conventional,Chicago,5
1.7096531343989683,107552.60073006187,organic,Chicago,5
0.959658739431936,109312.39194379229,conventional,CincinnatiDayton,5
1.405377369783994,107553.47625816503,organic,CincinnatiDayton,5
0.9996959327562929,109311.14302735268,conventional,Columbus,5
1.3902847270621626,107551.72629021524,organic,Columbus,5
0.809720699712823,109310.38768257324,conventional,DallasFtWorth,5
1.2600374042144993,107552.8560931949,organic,DallasFtWorth,5
1.0899346459342258,109315.75776054994,conventional,Denver,5
1.1626053952967992,107557.98050118725,organic,Denver,5
1.0499135950311331,109312.26747181709,conventional,Detroit,5
1.4501571406748057,107552.09645976398,organic,Detroit,5
1.3598690987319317,109306.38882569464,conventional,GrandRapids,5
1.7503012157554507,107549.35612970614,organic,GrandRapids,5
1.0902025882798794,109339.30372047407,conventional,GreatLakes,5
1.4996581788445253,107604.88740229396,organic,GreatLakes,5
1.2301128261912622,109313.39300453805,conventional,HarrisburgScranton,5
1.8896412358761188,107554.35070720804,organic,HarrisburgScranton,5
1.340326706991395,109310.39090136095,conventional,HartfordSpringfield,5
2.3398444237610256,107552.10395800677,organic,HartfordSpringfield,5
0.7505874815482098,109312.51103885946,conventional,Houston,5
1.1798815960047062,107554.4773189108,organic,Houston,5
1.0297741744315998,109309.39091967535,conventional,Indianapolis,5
1.4002906211099229,107550.85075291568,organic,Indianapolis,5
1.1198170687628008,109305.64313727831,conventional,Jacksonville,5
1.8003014028647129,107549.74023507308,organic,Jacksonville,5
0.94969603587024,109310.64411557004,conventional,LasVegas,5
1.4503024139177279,107551.47628559745,organic,LasVegas,5
0.8801221427765511,109322.35322715968,conventional,LosAngeles,5
1.2997648712891758,107575.37932848043,organic,LosAngeles,5
0.9999075247486522,109250.1033425659,conventional,Louisville,5
1.3803480847760465,107523.21574576039,organic,Louisville,5
1.1700204565000942,109314.14298160585,conventional,MiamiFtLauderdale,5
1.5299966254489092,107554.34964654066,organic,MiamiFtLauderdale,5
1.169720474088428,109327.69013016307,conventional,Midsouth,5
1.4702490223838272,107589.88227251284,organic,Midsouth,5
0.9402585700453743,109311.51104797749,conventional,Nashville,5
1.2598468148712108,107552.47198782796,organic,Nashville,5
1.030318916173846,109310.51107548828,conventional,NewOrleansMobile,5
1.6297166191704942,107552.72626270444,organic,NewOrleansMobile,5
1.3301649149033083,109314.380138662,conventional,NewYork,5
2.109749433237518,107558.22509211143,organic,NewYork,5
1.2402669791472842,109335.3112827781,conventional,Northeast,5
1.9908068977627775,107599.1342704213,organic,Northeast,5
1.1382239512067192,109310.64195744973,conventional,NorthernNewEngland,5
1.56975155096957,107551.47844371777,organic,NorthernNewEngland,5
1.1298786384322639,109315.14190262408,conventional,Orlando,5
1.7402660576450542,107556.35282869956,organic,Orlando,5
1.3402038181165503,109314.26422559697,conventional,Philadelphia,5
1.959674536760549,107553.84106919852,organic,Philadelphia,5
0.6503071057646778,109309.63769630904,conventional,PhoenixTucson,5
1.5699259925303346,107552.48270485846,organic,PhoenixTucson,5
1.2203670776565776,109262.25441493365,conventional,Pittsburgh,5
1.439888812572391,107527.57624086674,organic,Pittsburgh,5
1.0402321790909317,109314.38762770839,conventional,Plains,5
1.7197491442687962,107555.97407265147,organic,Plains,5
0.8842798858085972,109313.75887623892,conventional,Portland,5
1.339666851984744,107555.85068893283,organic,Portland,5
1.2298310391666922,109312.88978571116,conventional,RaleighGreensboro,5
1.6903339352288784,107553.34643687097,organic,RaleighGreensboro,5
1.049918440994419,109313.89192551708,conventional,RichmondNorfolk,5
1.2380613415005466,107555.35283781757,organic,RichmondNorfolk,5
0.9701015897229341,109304.01227359209,conventional,Roanoke,5
1.249623548655418,107550.24450537097,organic,Roanoke,5
1.1998424527667522,109311.26534120756,conventional,Sacramento,5
1.740232623773154,107551.21986179703,organic,Sacramento,5
0.9497633550874203,109312.39408351984,conventional,SanDiego,5
1.5501645111477367,107552.34752504915,organic,SanDiego,5
1.3199159289889997,109313.64299995945,conventional,SanFrancisco,5
2.135575722150798,107554.47516998685,organic,SanFrancisco,5
1.013319362096795,109313.00782930735,conventional,Seattle,5
1.5600575467537245,107555.84960067627,organic,Seattle,5
1.0898313288716948,109311.01964363403,conventional,SouthCarolina,5
1.6498275287664124,107551.8528927216,organic,SouthCarolina,5
0.8198414327303583,109331.81452888066,conventional,SouthCentral,5
1.310158702793666,107593.25347537492,organic,SouthCentral,5
1.1001302574325256,109312.25998277069,conventional,Southeast,5
1.6697684532377544,107554.72515621186,organic,Southeast,5
0.9728762596896479,109246.98429324555,conventional,Spokane,5
1.5799332903356649,107520.72435965297,organic,Spokane,5
0.9500663037788672,109309.50571689465,conventional,StLouis,5
1.899629341803107,107551.84967393389,organic,StLouis,5
1.409698306479711,109232.83752776531,conventional,Syracuse,5
1.7502379871889864,107513.86927804428,organic,Syracuse,5
1.0801913012253423,109311.388743319,conventional,Tampa,5
1.5899926036399055,107552.97518826208,organic,Tampa,5
1.0235209108336554,109347.99684824674,conventional,TotalUS,5
1.4798115271557233,107630.2828458914,organic,TotalUS,5
0.8798605251685097,109351.86695369505,conventional,West,5
1.3700818744207213,107633.90512323503,organic,West,5
0.8003366345711964,109312.89301369525,conventional,WestTexNewMexico,5
1.4597948826921119,107553.34642767458,organic,WestTexNewMexico,5
1.4699433684962526,109239.45235308324,conventional,Albany,6
1.9204225721950707,107529.76057019155,organic,Albany,6
1.0002173136715031,109301.3536209586,conventional,Atlanta,6
1.3899668063657815,107560.7667802089,organic,Atlanta,6
1.4300190937616493,109297.3515360959,conventional,BaltimoreWashington,6
1.810289336235894,107559.15521085613,organic,BaltimoreWashington,6
1.0204936205352018,109229.43642389598,conventional,Boise,6
1.4900224569236484,107525.5277750445,organic,Boise,6
1.352907628542742,109299.73132537893,conventional,Boston,6
1.9604052958028708,107559.77430596249,organic,Boston,6
1.4002723753214565,109280.97201241094,conventional,BuffaloRochester,6
1.819817264809521,107551.56297215211,organic,BuffaloRochester,6
1.0747783434984488,109334.22676346177,conventional,California,6
1.65013190608517,107629.44262329268,organic,California,6
1.2799421771972535,109299.6014856921,conventional,Charlotte,6
1.9301977253614009,107559.5232498737,organic,Charlotte,6
1.3402169538262476,109298.4727617726,conventional,Chicago,6
1.7798756930976762,107559.52216161715,organic,Chicago,6
0.950267476235124,109299.59935516094,conventional,CincinnatiDayton,6
1.3896468287808312,107560.6487550055,organic,CincinnatiDayton,6
0.9998995881033905,109298.60366212683,conventional,Columbus,6
1.2718990815098212,107558.6455636502,organic,Columbus,6
0.8211313962879698,109297.84831734738,conventional,DallasFtWorth,6
1.2495796972736783,107559.77536662987,organic,DallasFtWorth,6
1.0799664686923902,109303.22055344441,conventional,Denver,6
1.41992326300153,107564.14226252606,organic,Denver,6
1.0297738934361484,109299.9791718764,conventional,Detroit,6
1.3501951735589088,107559.5200218896,organic,Detroit,6
1.2003913967101456,109294.09944669378,conventional,GrandRapids,6
1.7998112298340119,107557.15844787986,organic,GrandRapids,6
1.1700419623316305,109325.63132428446,conventional,GreatLakes,6
1.480365817897652,107610.67364476518,organic,GreatLakes,6
1.3402986751889454,109300.34827156136,conventional,HarrisburgScranton,6
1.9499597101768043,107561.39767140592,organic,HarrisburgScranton,6
1.4653906032639155,109298.10260142025,conventional,HartfordSpringfield,6
2.37021878985324,107559.5275201324,organic,HartfordSpringfield,6
0.7799721562742281,109300.0972062762,conventional,Houston,6
1.1501857083778935,107561.64873669109,organic,Houston,6
1.0727982678020898,109297.60582936517,conventional,Indianapolis,6
1.3700852136041777,107558.90413637456,organic,Indianapolis,6
1.189191665959229,109293.22930469504,conventional,Jacksonville,6
1.8498510772635206,107556.91165285339,organic,Jacksonville,6
0.9498911783732691,109297.34723824802,conventional,LasVegas,6
1.609914043363962,107558.39771715275,organic,LasVegas,6
0.8602336375672759,109308.68083097006,conventional,LosAngeles,6
1.3599076657184215,107581.16557095163,organic,LosAngeles,6
1.0700920609035898,109237.81396356504,conventional,Louisville,6
1.340050634136456,107531.01806393411,organic,Louisville,6
1.3100781812651348,109301.60361638,conventional,MiamiFtLauderdale,6
1.7601287781190236,107561.26891997563,organic,MiamiFtLauderdale,6
1.239853263806736,109315.40290928255,conventional,Midsouth,6
1.560373262525786,107596.92707859041,organic,Midsouth,6
0.9698433325268181,109299.34935973954,conventional,Nashville,6
1.2502889205964258,107559.76893825085,organic,Nashville,6
1.089770734559237,109298.72706423826,conventional,NewOrleansMobile,6
1.6397672464569588,107560.40089011526,organic,NewOrleansMobile,6
1.4202954164803419,109301.83753625565,conventional,NewYork,6
2.159631785444914,107566.28063369065,organic,NewYork,6
1.3802216875316116,109322.26870792173,conventional,Northeast,6
1.9997203847972822,107605.42372252302,organic,Northeast,6
1.280476128740987,109298.60688091454,conventional,NorthernNewEngland,6
1.8196635985623641,107558.64878243791,organic,NorthernNewEngland,6
1.2502952977974433,109301.72057171963,conventional,Orlando,6
1.789819270566308,107562.64335986144,organic,Orlando,6
1.4369589646453256,109302.47913528678,conventional,Philadelphia,6
2.009697324842048,107561.8944526574,organic,Philadelphia,6
0.6697333977415985,109297.4760080711,conventional,PhoenixTucson,6
1.6202291826872812,107559.77965528134,organic,PhoenixTucson,6
1.3103887582853195,109249.21076101712,conventional,Pittsburgh,6
1.5296438870141524,107534.24444901654,organic,Pittsburgh,6
1.1485747496400214,109301.97271606496,conventional,Plains,6
1.7200975328709764,107563.52424647985,organic,Plains,6
0.9800904988942225,109301.59718800097,conventional,Portland,6
1.5696781807264397,107563.14763935571,organic,Portland,6
1.2102263725069993,109299.71952009188,conventional,RaleighGreensboro,6
1.80974747300339,107560.14125672351,organic,RaleighGreensboro,6
1.0903996872287813,109301.10041594588,conventional,RichmondNorfolk,6
1.3396843763036401,107562.14657860996,organic,RichmondNorfolk,6
1.0598576397456794,109291.7239736514,conventional,Roanoke,6
1.2647884890959677,107557.6680674966,organic,Roanoke,6
1.3202652724889914,109299.35471825479,conventional,Sacramento,6
1.9798197886735704,107559.02110091058,organic,Sacramento,6
0.9803872885846507,109299.72702753107,conventional,SanDiego,6
1.6198073116879774,107559.77216623495,organic,SanDiego,6
1.4503344384801906,109300.97594397068,conventional,SanFrancisco,6
2.199743404569069,107561.89981117265,organic,SanFrancisco,6
1.110049170370728,109300.59399672407,conventional,Seattle,6
1.81022498834594,107563.02101845657,organic,Seattle,6
1.130288390424442,109298.1015223601,conventional,SouthCarolina,6
1.770039936664024,107558.77324521673,organic,SouthCarolina,6
0.8330691385773399,109319.52622893997,conventional,SouthCentral,6
1.2597547070986355,107600.67703750056,organic,SouthCentral,6
1.0898530097957873,109300.22274811516,conventional,Southeast,6
1.6345555383268242,107562.65300702816,organic,Southeast,6
1.0899368661071775,109233.18420629302,conventional,Spokane,6
1.7801231477571497,107527.01596987502,organic,Spokane,6
1.2004200780618797,109298.47705962048,conventional,StLouis,6
1.839704625770691,107560.27965532054,organic,StLouis,6
1.409744753228903,109221.05459557545,conventional,Syracuse,6
1.8101113907893813,107521.16514940701,organic,Syracuse,6
1.2105116338978903,109299.35258772364,conventional,Tampa,6
1.7398599262359835,107560.52428303029,organic,Tampa,6
1.1000727550821254,109334.44890563955,conventional,TotalUS,6
1.579496387945753,107636.69998875604,organic,TotalUS,6
0.9599813721335093,109339.4552792321,conventional,West,6
1.640304183874344,107640.31902891917,organic,West,6
0.7652229785743567,109300.22487864632,conventional,WestTexNewMexico,6
1.4798534537349137,107561.14982490845,organic,WestTexNewMexico,6
1.3597045996942663,109249.23746162944,conventional,Albany,7
1.7703079001048079,107521.47329444619,organic,Albany,7
1.0895865531947355,109311.64409725564,conventional,Atlanta,7
1.5204092816436947,107552.35181370063,organic,Atlanta,7
1.4703327533971535,109307.76970315585,conventional,BaltimoreWashington,7
1.8600613302884574,107550.23487659702,organic,BaltimoreWashington,7
1.069812142144039,109239.22369056252,conventional,Boise,7
1.8203713788501656,107516.48298720298,organic,Boise,7
1.4196679042385039,109309.3930594029,conventional,Boston,7
1.71028283304432,107550.47737377563,organic,Boston,7
1.3700748239829912,109290.50713473215,conventional,BuffaloRochester,7
1.7197893193053835,107542.39265166801,organic,BuffaloRochester,7
1.219700309183175,109344.77046316431,conventional,California,7
1.720318370191957,107620.77443337892,organic,California,7
1.299935238087914,109310.27179709738,conventional,Charlotte,7
1.9204887700921098,107550.7284482572,organic,Charlotte,7
1.4296238669359365,109308.88984977239,conventional,Chicago,7
1.7902394833464919,107550.98058340614,organic,Chicago,7
1.1295577173143503,109309.51215447007,conventional,CincinnatiDayton,7
1.5500232478816252,107551.8561115093,organic,CincinnatiDayton,7
1.0802040513942102,109309.02075012661,conventional,Columbus,7
1.3599163423800364,107550.10398543919,organic,Columbus,7
0.8997746797564679,109308.13879364442,conventional,DallasFtWorth,7
1.1905848010613196,107551.3604001216,organic,DallasFtWorth,7
1.140319708260813,109313.76317408678,conventional,Denver,7
1.5500443081855126,107555.85282866037,organic,Denver,7
1.1197273036144961,109310.52287157894,conventional,Detroit,7
1.3803650737475477,107550.85183197584,organic,Detroit,7
1.500348453026567,109304.51761375373,conventional,GrandRapids,7
1.8300381759003417,107548.23811362076,organic,GrandRapids,7
1.2316103943636387,109337.181443248,conventional,GreatLakes,7
1.5503651614006604,107603.2650975179,organic,GreatLakes,7
1.2902614495966356,109310.76643862131,conventional,HarrisburgScranton,7
1.819922524350338,107552.47733714682,organic,HarrisburgScranton,7
1.490366799898085,109308.26862413487,conventional,HartfordSpringfield,7
2.289804587160391,107550.48165323072,organic,HartfordSpringfield,7
0.8903039082907831,109310.76535956115,conventional,Houston,7
1.3099741658747142,107553.61144717074,organic,Houston,7
1.1701719759285425,109307.39417509186,conventional,Indianapolis,7
1.3797296124011047,107549.48059248496,organic,Indianapolis,7
1.3101850021047932,109303.01657136157,conventional,Jacksonville,7
1.9399736091399618,107547.86686501186,organic,Jacksonville,7
1.1195450183072413,109308.39414758107,conventional,LasVegas,7
1.8301841109389825,107550.35934857224,organic,LasVegas,7
1.0497491199565128,109320.23094993361,conventional,LosAngeles,7
1.4604548456334456,107573.75702370437,organic,LosAngeles,7
1.1198110391045832,109246.59373191041,conventional,Louisville,7
1.400443341309629,107521.09238947416,organic,Louisville,7
1.3397108880763324,109312.02070437979,conventional,MiamiFtLauderdale,7
1.4531464234572584,107552.7273417646,organic,MiamiFtLauderdale,7
1.2474659428831563,109325.81999728233,conventional,Midsouth,7
1.6204524943746033,107588.38550037939,organic,Midsouth,7
1.0398986906928427,109310.14304566708,conventional,Nashville,7
1.2924964854283953,107551.98379307582,organic,Nashville,7
1.1595734503959922,109308.51325184463,conventional,NewOrleansMobile,7
1.4002141263073098,107551.73485832181,organic,NewOrleansMobile,7
1.5298257863866151,109312.25678237577,conventional,NewYork,7
2.220404978778921,107556.98154338347,organic,NewYork,7
1.3938042218091409,109332.93686120669,conventional,Northeast,7
1.95972222529178,107597.38643300267,organic,Northeast,7
1.3048261426528198,109307.51218190248,conventional,NorthernNewEngland,7
1.7503298899653057,107548.9752523233,organic,NorthernNewEngland,7
1.2702194600911163,109312.26427142216,conventional,Orlando,7
1.7898527475871586,107553.97516994766,organic,Orlando,7
1.4797377344932323,109312.6451580014,conventional,Philadelphia,7
2.060305447720751,107552.84858575572,organic,Philadelphia,7
0.8497577370846952,109308.14524041623,conventional,PhoenixTucson,7
1.9203672560128444,107551.3636097129,organic,PhoenixTucson,7
1.3398558961224072,109258.24159464765,conventional,Pittsburgh,7
1.5403856673369332,107524.82306324726,organic,Pittsburgh,7
1.1902612496429423,109312.01212707683,conventional,Plains,7
1.7397132592920082,107554.60499128092,organic,Plains,7
1.0802782826670814,109311.88874335818,conventional,Portland,7
1.8296594320760038,107554.35391679936,organic,Portland,7
1.2603419304516092,109310.51536413975,conventional,RaleighGreensboro,7
1.8600293004012176,107551.59859945234,organic,RaleighGreensboro,7
1.110356840270498,109311.26535960034,conventional,RichmondNorfolk,7
1.5099318679253502,107553.47946775635,organic,RichmondNorfolk,7
1.1401132488319048,109301.25801691244,conventional,Roanoke,7
1.4898169097898113,107548.87650306057,organic,Roanoke,7
1.3602940810167923,109309.39412926666,conventional,Sacramento,7
2.0799413052786258,107550.10184571164,organic,Sacramento,7
1.1476904593724109,109309.76643854294,conventional,SanDiego,7
1.809958319142661,107550.85291103601,organic,SanDiego,7
1.5601850441686083,109310.51214535206,conventional,SanFrancisco,7
2.349805850574244,107552.35073464047,organic,SanFrancisco,7
1.2002358692176,109311.01108472385,conventional,Seattle,7
2.0198501092435226,107554.47944024554,organic,Seattle,7
1.1801294441316168,109308.89736640797,conventional,SouthCarolina,7
1.710297864997731,107550.23058794555,organic,SouthCarolina,7
0.919780884547339,109330.573138273,conventional,SouthCentral,7
1.2802450575845796,107592.63866892003,organic,SouthCentral,7
1.2296991859111244,109310.38769176963,conventional,Southeast,7
1.6302706433430727,107553.98589617456,organic,Southeast,7
1.160187136869675,109242.9703938994,conventional,Spokane,7
2.1298366006956493,107518.34993808158,organic,Spokane,7
1.159823422882429,109308.51754969251,conventional,StLouis,7
1.8502065354261488,107550.98164407352,organic,StLouis,7
1.3901066283545964,109231.09292752715,conventional,Syracuse,7
1.6998422762183543,107512.62465025616,organic,Syracuse,7
1.2497629914079762,109309.64306402068,conventional,Tampa,7
1.540442726523458,107552.10931652202,organic,Tampa,7
1.1452101245414263,109345.62134761518,conventional,TotalUS,7
1.5701778453131692,107628.91376452084,organic,TotalUS,7
1.1103438207245782,109348.86271079039,conventional,West,7
1.759969952698067,107631.65407618589,organic,West,7
0.9298895722171214,109310.01322437302,conventional,WestTexNewMexico,7
1.7348365011921234,107551.72628101885,organic,WestTexNewMexico,7
1.397606093358831,109236.98018773813,conventional,Albany,8
1.8801066010769358,107516.87351175255,organic,Albany,8
1.1401515650900143,109299.38682336433,conventional,Atlanta,8
1.7256420331821358,107547.752031007,organic,Atlanta,8
1.379919667133318,109295.2602849192,conventional,BaltimoreWashington,8
1.76030283196281,107545.50956126081,organic,BaltimoreWashington,8
1.2000613734680674,109227.09087025363,conventional,Boise,8
2.109783174033586,107512.51410490276,organic,Boise,8
1.270140174394665,109297.63899514209,conventional,Boston,8
1.8497191010230296,107546.50741241525,organic,Boston,8
1.3998357049629622,109277.61788138725,conventional,BuffaloRochester,8
1.5602882001962963,107538.04717144003,organic,BuffaloRochester,8
1.1801765695141464,109331.50677001198,conventional,California,8
1.9297815772320748,107614.91500801877,organic,California,8
1.3403503230706826,109298.01452320606,conventional,Charlotte,8
2.009728518190376,107546.12866556356,organic,Charlotte,8
1.5678820429572893,109296.88364116625,conventional,Chicago,8
1.810071573402372,107546.88508940316,organic,Chicago,8
1.1285759150164432,109298.01131361474,conventional,CincinnatiDayton,8
1.6596345124764629,107547.63292674342,organic,CincinnatiDayton,8
1.1303129285421267,109297.2666858658,conventional,Columbus,8
1.6999178393523646,107546.13402407881,organic,Columbus,8
0.9003280953875922,109295.25169841986,conventional,DallasFtWorth,8
1.4096897103742017,107546.25740779746,organic,DallasFtWorth,8
1.1886534060511988,109301.7580445408,conventional,Denver,8
1.5497085937113906,107551.37857860932,organic,Denver,8
1.139729516481132,109297.63469729421,conventional,Detroit,8
1.5400998723813566,107546.12759569979,organic,Detroit,8
1.4303386399717752,109293.26675912343,conventional,GrandRapids,8
1.6599396831155864,107544.89797359363,organic,GrandRapids,8
1.2402350914028326,109324.16881538085,conventional,GreatLakes,8
1.6295438176653987,107597.90996084844,organic,GreatLakes,8
1.2200652481059335,109298.63469737259,conventional,HarrisburgScranton,8
1.7298720851622604,107548.12969879851,organic,HarrisburgScranton,8
1.4476012633529836,109296.0102711834,conventional,HartfordSpringfield,8
2.289782298598266,107546.26062658516,organic,HartfordSpringfield,8
0.9798547987774507,109298.88684171792,conventional,Houston,8
1.3001705058273105,107549.01058541694,organic,Houston,8
1.2897396094012745,109295.26027572282,conventional,Indianapolis,8
1.6573245888389085,107545.89046623283,organic,Indianapolis,8
1.2402391301745659,109290.25392971943,conventional,Jacksonville,8
2.0901720854865946,107543.39477308113,organic,Jacksonville,8
1.1247522420193525,109296.51562973784,conventional,LasVegas,8
1.9197822479347684,107545.75848681843,organic,LasVegas,8
1.0299852832637488,109307.22048018678,conventional,LosAngeles,8
1.5502284163258333,107567.64437493874,organic,LosAngeles,8
1.1997681522353285,109234.71305594685,conventional,Louisville,8
1.5401948693465277,107517.24903981652,organic,Louisville,8
1.3198544345860803,109300.01341671348,conventional,MiamiFtLauderdale,8
1.4400421995199362,107549.01060380973,organic,MiamiFtLauderdale,8
1.2501801201887226,109314.56914265202,conventional,Midsouth,8
1.7498222813171014,107585.04536035225,organic,Midsouth,8
1.0596670310294152,109298.39006046644,conventional,Nashville,8
1.4600163027962763,107547.63507566736,organic,Nashville,8
1.1402611114097483,109296.50704323848,conventional,NewOrleansMobile,8
1.449856658028393,107547.63936431883,organic,NewOrleansMobile,8
1.474463495561305,109300.12504112703,conventional,NewYork,8
2.179970229707338,107552.63390503517,organic,NewYork,8
1.2997812779543678,109319.92639145987,conventional,Northeast,8
1.9101699573310031,107591.27378423704,organic,Northeast,8
1.2797550542205214,109296.38793897492,conventional,NorthernNewEngland,8
1.7798195858613621,107545.50850059342,organic,NorthernNewEngland,8
1.3098722228005728,109299.62824148277,conventional,Orlando,8
1.933619452698067,107549.37646631419,organic,Orlando,8
1.3597349489677055,109300.88893562026,conventional,Philadelphia,8
1.9341800656152695,107549.63613649149,organic,Philadelphia,8
0.8397545935185985,109295.50921047683,conventional,PhoenixTucson,8
1.9401875051340054,107546.76490607944,organic,PhoenixTucson,8
1.319834261222941,109244.21823127885,conventional,Pittsburgh,8
1.5402158293059398,107519.72330810361,organic,Pittsburgh,8
1.2346575681971703,109299.3771761976,conventional,Plains,8
1.8482982283746265,107549.62753159937,organic,Plains,8
1.179546640739981,109300.51127702513,conventional,Portland,8
1.8296851238201308,107551.14038847497,organic,Portland,8
1.2991079719633292,109299.26450950945,conventional,RaleighGreensboro,8
1.9203540458573283,107548.2584594252,organic,RaleighGreensboro,8
1.1602613892899276,109298.88147400628,conventional,RichmondNorfolk,8
1.6598716466359371,107549.00629676547,organic,RichmondNorfolk,8
1.1901120587912801,109290.0082413423,conventional,Roanoke,8
1.7097026429187472,107545.15760698536,organic,Roanoke,8
1.3702862957511162,109297.89220935118,conventional,Sacramento,8
2.1297991123711544,107546.25741699385,organic,Sacramento,8
1.1397518521584167,109298.51666297279,conventional,SanDiego,8
1.8401472942035977,107547.1340149608,organic,SanDiego,8
1.4903087582979269,109299.51343506707,conventional,SanFrancisco,8
2.609703995019306,107549.13612725592,organic,SanFrancisco,8
1.240287267074947,109299.25594140288,conventional,Seattle,8
1.929601766187814,107550.88823493324,organic,Seattle,8
1.239972846441364,109296.38579005099,conventional,SouthCarolina,8
1.8164509035218062,107546.2627847055,organic,SouthCarolina,8
0.9601094265742977,109318.44247608444,conventional,SouthCentral,8
1.3596119653953178,107587.91227452365,organic,SouthCentral,8
1.2102569230313942,109298.00488523573,conventional,Southeast,8
1.7703404963405882,107549.13396913558,organic,Southeast,8
1.2602349219662121,109230.71312000809,conventional,Spokane,8
2.1496984391573952,107513.75015538794,organic,Spokane,8
1.2197640327159087,109296.76348543169,conventional,StLouis,8
1.970072892802229,107547.01168271313,organic,StLouis,8
1.379908514250887,109219.46331684876,conventional,Syracuse,8
1.5438717770386017,107509.28558928918,organic,Syracuse,8
1.2703286110121468,109297.38579012937,conventional,Tampa,8
1.4697726420537196,107547.50953382839,organic,Tampa,8
1.179757950601076,109333.61837618951,conventional,TotalUS,8
1.650157282813492,107623.68200237364,organic,TotalUS,8
1.1003564607414034,109337.86615862575,conventional,West,8
1.8700693354972782,107627.68195670519,organic,West,8
0.8901409896179932,109297.75487142155,conventional,WestTexNewMexico,8
1.7996216886708336,107547.5052543733,organic,WestTexNewMexico,8
1.4298183877902366,109223.69933997991,conventional,Albany,9
1.7904147871118792,107515.52473940086,organic,Albany,9
1.1602742464031208,109288.1220513086,conventional,Atlanta,9
2.009855645989054,107547.78627584408,organic,Atlanta,9
1.3997869078235754,109283.36461247006,conventional,BaltimoreWashington,9
1.680388403213224,107545.41935251547,organic,BaltimoreWashington,9
1.0903031477171585,109215.82609819791,conventional,Boise,9
1.944344878963821,107512.54834973984,organic,Boise,9
1.3496811970669513,109285.99654609844,conventional,Boston,9
1.840303614038302,107546.1639802644,organic,Boston,9
1.4596690664452097,109265.34561101036,conventional,BuffaloRochester,9
1.51013378876673,107537.20052965869,organic,BuffaloRochester,9
1.230333481592841,109320.4941423016,conventional,California,9
1.9498405441456272,107615.07478549844,organic,California,9
1.3681128994806393,109286.62313944759,conventional,Charlotte,9
2.070353269627695,107546.28952210338,organic,Charlotte,9
1.569578505832734,109285.36780382536,conventional,Chicago,9
1.960284689796869,107546.41504554958,organic,Chicago,9
1.1495771003192823,109286.87207420162,conventional,CincinnatiDayton,9
1.5600398405402156,107547.91931592584,organic,CincinnatiDayton,9
1.1599783053474801,109285.24548077407,conventional,Columbus,9
1.7397375217132076,107545.79167098812,organic,Columbus,9
0.940233326717183,109284.86889204272,conventional,DallasFtWorth,9
1.501070906352876,107546.92039490762,organic,DallasFtWorth,9
1.1101464390064735,109290.24112813975,conventional,Denver,9
1.5081801254025986,107551.28729080381,organic,Denver,9
1.190210635850907,109286.87313486899,conventional,Detroit,9
1.6096497547358632,107546.79166187011,organic,Detroit,9
1.47957223765031,109280.86895610395,conventional,GrandRapids,9
1.7201583829198437,107543.79918746695,organic,GrandRapids,9
1.3796416855941536,109312.65297803996,conventional,GreatLakes,9
1.7400669142717708,107597.43991699484,organic,GreatLakes,9
1.2898032270260138,109287.11670191136,conventional,HarrisburgScranton,9
1.840260509083436,107548.41716704109,organic,HarrisburgScranton,9
1.3895566316377759,109284.11567779443,conventional,HartfordSpringfield,9
2.2601725148921514,107545.79166179174,organic,HartfordSpringfield,9
0.9998482935448938,109286.11028265036,conventional,Houston,9
1.4603245465832728,107547.91287835043,organic,Houston,9
1.3597857167339429,109283.99658272725,conventional,Indianapolis,9
1.7201546168143378,107545.54595502182,organic,Indianapolis,9
1.360168851449117,109278.48486897304,conventional,Jacksonville,9
2.169768573574515,107543.17795263305,organic,Jacksonville,9
1.1201030101719975,109284.99871333678,conventional,LasVegas,9
2.2397782645611666,107545.66719901293,organic,LasVegas,9
1.079608926103138,109295.45249850056,conventional,LosAngeles,9
1.6104072450605067,107567.04879844257,organic,LosAngeles,9
1.2699769335724849,109223.57381653371,conventional,Louisville,9
1.7340060472607108,107517.53542899893,organic,Louisville,9
1.2897130841681714,109288.24543502725,conventional,MiamiFtLauderdale,9
1.5700832087836871,107548.41502731355,organic,MiamiFtLauderdale,9
1.2906240799519413,109302.55009568064,conventional,Midsouth,9
1.7717714545310859,107583.9454951654,organic,Midsouth,9
1.0700170338369082,109286.62099972005,conventional,Nashville,9
1.6196859395183298,107547.41825521927,organic,Nashville,9
1.1197293626803577,109285.62102723084,conventional,NewOrleansMobile,9
1.5797538176588497,107547.67253009575,organic,NewOrleansMobile,9
1.509638340721168,109288.23044773805,conventional,NewYork,9
2.1602442673537507,107552.16494024174,organic,NewYork,9
1.3517681435104694,109309.03605921156,conventional,Northeast,9
1.939920437747293,107592.82197420628,organic,Northeast,9
1.4670793787007188,109285.37531126454,conventional,NorthernNewEngland,9
1.7599393282131328,107545.66827807309,organic,NorthernNewEngland,9
1.3002334916414946,109288.48900206963,conventional,Orlando,9
2.129818690202955,107549.6628554966,organic,Orlando,9
1.400231507757743,109289.1220329942,conventional,Philadelphia,9
1.939610897591594,107548.66180394724,organic,Philadelphia,9
0.8882639255333968,109283.23694009993,conventional,PhoenixTucson,9
1.950164218144728,107545.9182642981,organic,PhoenixTucson,9
1.209661614095875,109233.8354249017,conventional,Pittsburgh,9
1.5301530935655518,107520.38629521377,organic,Pittsburgh,9
1.2803090371212127,109288.36346942704,conventional,Plains,9
1.9697650822027901,107550.16606512711,organic,Plains,9
1.0402140350468385,109288.11347400564,conventional,Portland,9
1.6796394875904097,107550.0416023483,organic,Portland,9
1.2971907643584382,109287.24330441772,conventional,RaleighGreensboro,9
1.9301300314487357,107547.91610633452,organic,RaleighGreensboro,9
1.2248030552111855,109287.23902496263,conventional,RichmondNorfolk,9
1.6898319669761224,107548.66286461463,organic,RichmondNorfolk,9
1.1602416247433835,109277.86258266815,conventional,Roanoke,9
1.7499043590643946,107544.18435350127,organic,Roanoke,9
1.349813777739486,109286.24760218721,conventional,Sacramento,9
2.0698930543392566,107546.67149693918,organic,Sacramento,9
1.1651817142388052,109286.74868128657,conventional,SanDiego,9
1.909722886143797,107546.53843846462,organic,SanDiego,9
1.5298668376205153,109287.24116469017,conventional,SanFrancisco,9
2.385967377976123,107548.28948547457,organic,SanFrancisco,9
1.1300351535078876,109287.23581537133,conventional,Seattle,9
2.001031820518974,107550.16712579448,organic,Seattle,9
1.1500208426370078,109284.74442006751,conventional,SouthCarolina,9
1.9195302218377215,107545.54059650657,organic,SouthCarolina,9
0.9599331141731735,109307.05109232596,conventional,SouthCentral,9
1.5290546979786395,107588.07313106347,organic,SouthCentral,9
1.2198655927976536,109286.36243619208,conventional,Southeast,9
1.9100906536216051,107548.79053698474,organic,Southeast,9
1.1902189892496178,109220.07816928561,conventional,Spokane,9
2.0299553174664937,107514.28760985551,organic,Spokane,9
1.2199272613568217,109284.61566863721,conventional,StLouis,9
1.838910129839268,107546.7959413252,organic,StLouis,9
1.4596947701224903,109207.94855856804,conventional,Syracuse,9
1.619969762415241,107508.43678938752,organic,Syracuse,9
1.1997342533381181,109285.74334108572,conventional,Tampa,9
1.5302084721285922,107547.16610167755,organic,Tampa,9
1.222386458234995,109321.97376902554,conventional,TotalUS,9
1.7898256141420927,107624.09608231895,organic,TotalUS,9
1.0604770063965627,109326.34924222469,conventional,West,9
1.7500088024721139,107627.59066889968,organic,West,9
0.9702894779359006,109286.61563200841,conventional,WestTexNewMexico,9
2.0452933615552564,107547.79164355571,organic,WestTexNewMexico,9
1.4100595862774334,109225.3547737473,conventional,Albany,10
1.7604216531128896,107502.61946568858,organic,Albany,10
1.1902983009368517,109290.78498339717,conventional,Atlanta,10
1.889901141440587,107535.7618887502,organic,Atlanta,10
1.5598296841134918,109286.53291230946,conventional,BaltimoreWashington,10
1.7102122049286574,107533.26727465868,organic,BaltimoreWashington,10
1.209726957670308,109217.73367631064,conventional,Boise,10
1.9374009574196585,107499.76860867013,organic,Boise,10
1.4253556985228268,109288.53394554442,conventional,Boston,10
1.509890074766223,107533.8874488252,organic,Boston,10
1.429918031607605,109267.25318912309,conventional,BuffaloRochester,10
1.4904299134905685,107524.42078858898,organic,BuffaloRochester,10
1.2997268410441782,109322.27726683191,conventional,California,10
2.0261545538401227,107601.66414403533,organic,California,10
1.4203246039395672,109289.28715059633,conventional,Charlotte,10
1.9198600416110145,107533.88637896144,organic,Charlotte,10
1.7399690823139964,109288.66163630734,conventional,Chicago,10
1.9497830583416849,107534.51511203813,organic,Chicago,10
1.1299089214441245,109289.4094736476,conventional,CincinnatiDayton,10
1.5996093212811129,107535.64278448664,organic,CincinnatiDayton,10
1.205492540338496,109287.90949192281,conventional,Columbus,10
1.580287142332405,107533.38852784618,organic,Columbus,10
1.0298434027296064,109288.03719188212,conventional,DallasFtWorth,10
1.4792839122743633,107534.76831705084,organic,DallasFtWorth,10
1.2302934956326277,109293.03067193106,conventional,Denver,10
1.6503897299811863,107539.1362920072,organic,Denver,10
1.2998576272995024,109289.9159020658,conventional,Detroit,10
1.6698997468047865,107534.387439668,organic,Detroit,10
1.606198330628788,109281.13705644193,conventional,GrandRapids,10
1.6704108136116242,107530.3928622445,organic,GrandRapids,10
1.4498118483741043,109315.94465240161,conventional,GreatLakes,10
1.6203914026543165,107586.29749557957,organic,GreatLakes,10
1.3698877266855374,109290.53606703594,conventional,HarrisburgScranton,10
1.6004346812903616,107536.76937787498,organic,HarrisburgScranton,10
1.590328219869448,109287.53504291899,conventional,HartfordSpringfield,10
2.1567403476101634,107534.14387262563,organic,HartfordSpringfield,10
1.0498137652185877,109290.0339364656,conventional,Houston,10
1.5802853996974913,107536.51615446949,organic,Houston,10
1.2999324733101514,109285.5254047919,conventional,Indianapolis,10
1.589885784467774,107532.76729301228,organic,Indianapolis,10
1.320386753680558,109281.90531315777,conventional,Jacksonville,10
2.0599853544236892,107531.15140741886,organic,Jacksonville,10
1.1801577077246699,109287.7882571281,conventional,LasVegas,10
2.1499043242025846,107533.51620021631,organic,LasVegas,10
1.2601164442059745,109298.36865399462,conventional,LosAngeles,10
1.8197735036180798,107554.7711879432,organic,LosAngeles,10
1.20016438368557,109225.73353899179,conventional,Louisville,10
1.7198935474562864,107504.88122057181,organic,Louisville,10
1.394915271841185,109291.16159052131,conventional,MiamiFtLauderdale,10
1.68020538833316,107536.13741681419,organic,MiamiFtLauderdale,10
1.36970645885985,109305.33748135163,conventional,Midsouth,10
1.7400920607365729,107572.55200846496,organic,Midsouth,10
1.0996327145208185,109289.1594782262,conventional,Nashville,10
1.6503229278474802,107534.762967732,organic,Nashville,10
1.2392143706195284,109287.90736139166,conventional,NewOrleansMobile,10
1.6403181283063213,107534.89170996589,organic,NewOrleansMobile,10
1.6197773968252929,109291.3976685173,conventional,NewYork,10
2.1603878076827274,107540.39161843304,organic,NewYork,10
1.5197951285222304,109311.95437282596,conventional,Northeast,10
1.7903780390237454,107579.78685161076,organic,Northeast,10
1.4198558048058099,109288.03932241327,conventional,NorthernNewEngland,10
1.6600585906542993,107533.26513493113,organic,NorthernNewEngland,10
1.3497640934649064,109291.65622284886,conventional,Orlando,10
2.099847445138055,107537.8895336879,organic,Orlando,10
1.5699468478542213,109292.41478641602,conventional,Philadelphia,10
1.9601674902560804,107537.14062648387,organic,Philadelphia,10
0.9901905288405344,109286.78291692726,conventional,PhoenixTucson,10
1.9399402452685977,107534.14386342923,organic,PhoenixTucson,10
1.35037025961317,109234.48336034793,conventional,Pittsburgh,10
1.4399321922437347,107506.60013488306,organic,Pittsburgh,10
1.3797244287196102,109291.27962492111,conventional,Plains,10
1.8603402286688877,107537.88845462774,organic,Plains,10
1.220237172549191,109291.02962949971,conventional,Portland,10
1.8797877456772865,107537.76399184893,organic,Portland,10
1.3798109233780977,109290.28499255437,conventional,RaleighGreensboro,10
1.7905076901182682,107535.89064018049,organic,RaleighGreensboro,10
1.2297489771145294,109290.5306993243,conventional,RichmondNorfolk,10
1.5802837202136488,107537.52044319933,organic,RichmondNorfolk,10
1.200265308760127,109280.27444947154,conventional,Roanoke,10
1.5701544502324585,107531.65567771674,organic,Roanoke,10
1.4801030445503753,109288.66054805077,conventional,Sacramento,10
2.040026745493001,107533.76406510656,organic,Sacramento,10
1.190247390357157,109289.6626786603,conventional,SanDiego,10
2.0498563982287648,107535.01834006142,organic,SanDiego,10
1.659987406046063,109289.90517583891,conventional,SanFrancisco,10
2.490348537922057,107535.88634233263,organic,SanFrancisco,10
1.2201810516789995,109289.8987474599,conventional,Seattle,10
1.97976392812659,107538.14273870063,organic,Seattle,10
1.3002178999929972,109287.66057556157,conventional,SouthCarolina,10
1.7897392240829284,107533.2629860072,organic,SouthCarolina,10
1.0897535526807338,109309.2118938442,conventional,SouthCentral,10
1.5904118188467866,107575.04016658828,organic,SouthCentral,10
1.3301610422156946,109289.78180131665,conventional,Southeast,10
1.8497762854372743,107537.14274781864,organic,Southeast,10
1.310257472306722,109222.48895702885,conventional,Spokane,10
2.1143943236744986,107502.13769011907,organic,Spokane,10
1.259701569624334,109288.41378980987,conventional,StLouis,10
1.6202635208633036,107535.14707309892,organic,StLouis,10
1.4197621755642735,109210.73702329918,conventional,Syracuse,10
1.510286727750088,107496.66454663897,organic,Syracuse,10
1.3597209283013911,109288.28074053171,conventional,Tampa,10
1.5901373987415517,107534.88957023835,organic,Tampa,10
1.3295532720438576,109325.0154571622,conventional,TotalUS,10
1.7902835034566096,107612.07061616491,organic,TotalUS,10
1.1299546780043421,109327.88022240966,conventional,West,10
1.7803625855596952,107614.05449479396,organic,West,10
1.0261789248439284,109290.41375318106,conventional,WestTexNewMexico,10
2.169821259003665,107536.14277532943,organic,WestTexNewMexico,10
1.3858091641555468,109223.97610958476,conventional,Albany,11
1.8398306110090459,107509.27273253114,organic,Albany,11
1.1002665034023722,109287.13917824696,conventional,Atlanta,11
1.6899429877544445,107540.52784971334,organic,Atlanta,11
1.3897291759508417,109283.5169284925,conventional,BaltimoreWashington,11
1.740185423443105,107538.53644525234,organic,BaltimoreWashington,11
1.1901357051652421,109214.34001550576,conventional,Boise,11
1.6797597073528818,107504.66010227586,organic,Boise,11
1.289816302006461,109285.51796172746,conventional,Boston,11
1.7104132521729951,107539.15661941885,organic,Boston,11
1.3997701424658766,109264.10951454322,conventional,BuffaloRochester,11
1.5801556330517126,107530.19532693346,organic,BuffaloRochester,11
1.2000124893298225,109319.26128301494,conventional,California,11
1.8797260276144003,107606.93331462897,organic,California,11
1.3580539511070189,109285.89241073128,conventional,Charlotte,11
2.0199412998109856,107539.15662861525,organic,Charlotte,11
1.2100818138998815,109285.01475209696,conventional,Chicago,11
1.8296744064486228,107539.65982904936,organic,Chicago,11
0.9801603925466733,109285.38599150947,conventional,CincinnatiDayton,11
1.4195440238988875,107540.03106846186,organic,CincinnatiDayton,11
1.0697337792091592,109284.7668964031,conventional,Columbus,11
1.440340388337225,107538.78431014258,organic,Columbus,11
0.880288731510309,109283.88709804123,conventional,DallasFtWorth,11
1.4595401884756611,107539.28321272881,organic,DallasFtWorth,11
1.1673617941315104,109289.38486678085,conventional,Denver,11
1.4903616233121828,107543.90225297034,organic,Denver,11
1.12289154733784,109285.63919652217,conventional,Detroit,11
1.4798402703562388,107539.02894704873,organic,Detroit,11
1.339789280770602,109279.25518264889,conventional,GrandRapids,11
1.560257436695614,107536.41630775381,organic,GrandRapids,11
1.169753559512459,109311.92224932364,conventional,GreatLakes,11
1.5399166285506245,107590.30702350671,organic,GreatLakes,11
1.269627533658847,109286.6381175404,conventional,HarrisburgScranton,11
1.720057354023324,107541.40980619553,organic,HarrisburgScranton,11
1.429787371312946,109284.5169009817,conventional,HartfordSpringfield,11
2.231960794460508,107540.17055531543,organic,HartfordSpringfield,11
0.8503457036969266,109286.13490790989,conventional,Houston,11
1.4097726382145737,107541.53533883812,organic,Houston,11
1.1897896073056096,109281.87959964169,conventional,Indianapolis,11
1.5601591534283532,107537.53325397542,organic,Indianapolis,11
1.2602657724052968,109278.2584289474,conventional,Jacksonville,11
1.789865900892045,107536.29612443008,organic,Jacksonville,11
1.0496167716914329,109284.39351726306,conventional,LasVegas,11
1.860206179615421,107538.78644987012,organic,LasVegas,11
1.0397694962247264,109294.72392790458,conventional,LosAngeles,11
1.620406809310912,107559.15839285827,organic,LosAngeles,11
1.1399071991758234,109221.96220119898,conventional,Louisville,11
1.5503999149662058,107509.39503718964,organic,Louisville,11
1.3297577204870215,109287.89346235902,conventional,MiamiFtLauderdale,11
1.6376349201210338,107541.28105476525,organic,MiamiFtLauderdale,11
1.2438310063533553,109301.81936696432,conventional,Midsouth,11
1.6475754731175214,107576.81260167727,organic,Midsouth,11
1.0752609074815842,109285.89027100374,conventional,Nashville,11
1.5302074220994533,107540.28536173113,organic,Nashville,11
1.1701038086007325,109284.1349445387,conventional,NewOrleansMobile,11
1.6003199687056746,107539.78428263178,organic,NewOrleansMobile,11
1.3103295931604741,109287.62525166433,conventional,NewYork,11
1.9898747063272597,107545.28419109894,organic,NewYork,11
1.3503026731720125,109308.05642333042,conventional,Northeast,11
1.8397208254225492,107584.4272799313,organic,Northeast,11
1.2777130540329653,109284.39351726306,conventional,NorthernNewEngland,11
1.7302947497800512,107538.03109589429,organic,NorthernNewEngland,11
1.3004412282377686,109287.88488505608,conventional,Orlando,11
1.7498772733342027,107542.40335030571,organic,Orlando,11
1.370226700962526,109288.51791598063,conventional,Philadelphia,11
1.820152659876923,107541.40229875635,organic,Philadelphia,11
0.7001748831900493,109283.38817706221,conventional,PhoenixTucson,11
1.8872447188024724,107539.41411308304,organic,PhoenixTucson,11
1.3399382872243633,109232.72701919748,conventional,Pittsburgh,11
1.4704288344071998,107512.87572473772,organic,Pittsburgh,11
1.2196741100879087,109287.76043147365,conventional,Plains,11
1.7763145709655097,107542.52780388814,organic,Plains,11
1.1303616513355426,109287.88811304017,conventional,Portland,11
1.6236208299881663,107542.78101809724,organic,Portland,11
1.2923263649817214,109286.89241080965,conventional,RaleighGreensboro,11
1.890151811206188,107540.40337773814,organic,RaleighGreensboro,11
1.13001763349724,109286.7593615315,conventional,RichmondNorfolk,11
1.5104419302660619,107542.03425981714,organic,RichmondNorfolk,11
1.1097639872093652,109274.98808748643,conventional,Roanoke,11
1.4404204098818887,107536.1738105752,organic,Roanoke,11
1.277794133773752,109285.39349894864,conventional,Sacramento,11
1.9104140273936685,107538.52894700953,organic,Sacramento,11
1.140383496150914,109286.14348521284,conventional,SanDiego,11
2.0197646560820455,107539.65768932182,organic,SanDiego,11
1.4199391436471223,109286.88919202195,conventional,SanFrancisco,11
2.1602522446629866,107541.15551292627,organic,SanFrancisco,11
1.2703354699867075,109287.26044063085,conventional,Seattle,11
1.7803355633194478,107543.78958628219,organic,Seattle,11
1.1801228771221008,109283.88815870862,conventional,SouthCarolina,11
1.7196997816236508,107538.1555586731,organic,SouthCarolina,11
0.9102151306898636,109305.56716775414,conventional,SouthCentral,11
1.4696797979866427,107579.42737150333,organic,SouthCentral,11
1.2398051522773634,109286.0093844637,conventional,Southeast,11
1.660195077892451,107542.03532048453,organic,Southeast,11
1.2197188307483835,109218.84207281847,conventional,Spokane,11
1.8304268225606322,107507.28240713029,organic,Spokane,11
1.2398213703431271,109283.507262933,conventional,StLouis,11
1.4801474243465569,107539.28537084915,organic,StLouis,11
1.3592502265814117,109207.5965858998,conventional,Syracuse,11
1.5999665759616235,107501.3028168392,organic,Syracuse,11
1.3101398507970248,109285.01261236942,conventional,Tampa,11
1.639699546966848,107540.0332081894,organic,Tampa,11
1.1400522195262588,109321.7473289999,conventional,TotalUS,11
1.6107172216640762,107617.21425411598,organic,TotalUS,11
1.0685981211351296,109325.74404615097,conventional,West,11
1.6598320775931847,107620.70991975686,organic,West,11
0.8797481942239822,109286.51688274568,conventional,WestTexNewMexico,11
1.8500567147300493,107540.4044476019,organic,WestTexNewMexico,11
1.3899439063179941,109226.97927342924,conventional,Albany,12
1.75962204674936,107509.25879671294,organic,Albany,12
1.0098431787402569,109290.64447266178,conventional,Atlanta,12
1.549897472404947,107541.52249127647,organic,Atlanta,12
1.2497816970052869,109286.01472458616,conventional,BaltimoreWashington,12
1.6302721781960476,107538.65020019704,organic,BaltimoreWashington,12
1.0301087719666215,109218.09853332608,conventional,Boise,12
1.4198177427079275,107505.40152043349,organic,Boise,12
1.1900527617408705,109288.39235574887,conventional,Boston,12
1.7197787929455346,107540.02680739955,organic,Boston,12
1.3295186613007994,109266.60838969704,conventional,BuffaloRochester,12
1.4101977453043968,107529.93032583008,organic,BuffaloRochester,12
0.9996602518785052,109321.88353269102,conventional,California,12
1.6100277199361468,107607.67796996709,organic,California,12
1.1501883416231733,109289.39878420626,conventional,Charlotte,12
1.7998412904197842,107539.7725141303,organic,Charlotte,12
1.1696572901681355,109288.14236952386,conventional,Chicago,12
1.641723653522052,107540.27679362457,organic,Chicago,12
0.9501019683359928,109288.7657532817,conventional,CincinnatiDayton,12
1.5296124548836072,107540.77356567966,organic,CincinnatiDayton,12
0.9699766876270146,109288.02112553276,conventional,Columbus,12
1.4897477913005719,107539.27466301504,organic,Columbus,12
0.8353333792577557,109287.26362263299,conventional,DallasFtWorth,12
1.3399844105133896,107541.16197809085,organic,DallasFtWorth,12
1.0095846461109188,109292.76354949293,conventional,Denver,12
1.3602509172873205,107545.02350623622,organic,Denver,12
1.0301013792878595,109289.27002357958,conventional,Detroit,12
1.4596959154074576,107540.27573295719,organic,Detroit,12
1.1901404713332042,109282.76155612388,conventional,GrandRapids,12
1.5397566541927332,107537.03219326885,organic,GrandRapids,12
1.0881316137746468,109315.80522072638,conventional,GreatLakes,12
1.419762667884905,107591.67934205775,organic,GreatLakes,12
1.2695769665382377,109289.26252533679,conventional,HarrisburgScranton,12
1.5601185412357086,107541.39694943749,organic,HarrisburgScranton,12
1.3395531107247511,109287.01685519569,conventional,HartfordSpringfield,12
2.140691536742522,107539.52679816398,organic,HartfordSpringfield,12
0.8299987019336534,109289.39021609971,conventional,Houston,12
1.37021020472157,107541.6469356625,organic,Houston,12
1.1502274989039352,109286.01579444992,conventional,Indianapolis,12
1.479818216654913,107538.65234912097,organic,Indianapolis,12
1.0895937253311736,109280.88175768363,conventional,Jacksonville,12
1.690262746113208,107536.66202372011,organic,Jacksonville,12
0.930084387643201,109286.63916901138,conventional,LasVegas,12
1.8399361680413293,107538.77467217224,organic,LasVegas,12
0.8801382881435311,109298.48028760456,conventional,LosAngeles,12
1.3647563592284437,107560.65732311206,organic,LosAngeles,12
0.9698845728413885,109225.97178430448,conventional,Louisville,12
1.4796735813976183,107510.64074403793,organic,Louisville,12
1.129626510365672,109290.64232373785,conventional,MiamiFtLauderdale,12
1.4799381467537251,107541.89909840062,organic,MiamiFtLauderdale,12
1.1296871434976579,109304.8225308088,conventional,Midsouth,12
1.580054758411398,107576.79866585907,organic,Midsouth,12
0.9396407486437559,109289.39664447872,conventional,Nashville,12
1.4899449320296616,107540.90124724618,organic,Nashville,12
1.0199361675052967,109287.89238329885,conventional,NewOrleansMobile,12
1.4996911330916949,107540.9044568375,organic,NewOrleansMobile,12
1.296866198542326,109291.00609249674,conventional,NewYork,12
1.929832601400848,107545.64793226865,organic,NewYork,12
1.2597152149975976,109311.81170397025,conventional,Northeast,12
1.7702558184470485,107586.30496623318,organic,Northeast,12
1.2100646549665819,109287.01684599929,conventional,NorthernNewEngland,12
1.7495405056930242,107538.39699518432,organic,NorthernNewEngland,12
1.0997694377740945,109291.76785645881,conventional,Orlando,12
1.7002714724294734,107543.77566885676,organic,Orlando,12
1.3297665095024431,109290.76356772895,conventional,Philadelphia,12
1.7002969656933935,107541.39052105848,organic,Philadelphia,12
0.6502387559841153,109286.13811750119,conventional,PhoenixTucson,12
1.7498863097310713,107539.65340067033,organic,PhoenixTucson,12
1.1700001716213548,109236.10786002988,conventional,Pittsburgh,12
1.4598647448783388,107513.23946590742,organic,Pittsburgh,12
1.1202386185075368,109290.88804890055,conventional,Plains,12
1.699843708721199,107543.14476846335,organic,Plains,12
0.9797368174468264,109291.01573046707,conventional,Portland,12
1.4101294060536844,107543.39798267245,organic,Portland,12
1.1397033048654546,109290.14448181899,conventional,RaleighGreensboro,12
1.9102369379307693,107541.65124270676,organic,RaleighGreensboro,12
1.0798471609634235,109290.39126764907,conventional,RichmondNorfolk,12
1.5103206072189959,107542.90228967753,organic,RichmondNorfolk,12
1.0595439745582036,109278.11570491333,conventional,Roanoke,12
1.4801337777386236,107536.79077515041,organic,Roanoke,12
1.0998128000362195,109288.89879336346,conventional,Sacramento,12
1.780262126274092,107539.52358857267,organic,Sacramento,12
0.9402801062773469,109289.52324698507,conventional,SanDiego,12
1.719622675770687,107540.40018653961,organic,SanDiego,12
1.1798424564406227,109290.39448643678,conventional,SanFrancisco,12
2.0402957044673973,107542.1501544894,organic,SanFrancisco,12
1.129663742277537,109290.13591371242,conventional,Seattle,12
1.3401768704776449,107544.28101821481,organic,Seattle,12
1.0631648645011107,109287.51898576603,conventional,SouthCarolina,12
1.5997956373344788,107539.40234458155,organic,SouthCarolina,12
0.8200424412110827,109308.19265461071,conventional,SouthCentral,12
1.3496082480777174,107579.03575869721,organic,SouthCentral,12
1.0599833132017795,109289.1370018906,conventional,Southeast,12
1.5596799528342313,107542.65228505974,organic,Southeast,12
1.0696888353694352,109221.59309231762,conventional,Spokane,12
1.6902183444564511,107507.1429386695,organic,Spokane,12
1.0895875476531205,109287.89560208656,conventional,StLouis,12
1.5699020423754697,107540.52999863728,organic,StLouis,12
1.3397017427409923,109210.0933029333,conventional,Syracuse,12
1.4603086054749264,107501.79532783199,organic,Syracuse,12
1.0700923355355698,109288.14022979632,conventional,Tampa,12
1.5498129206251425,107540.65017276461,organic,Tampa,12
1.029904537508051,109324.24620415372,conventional,TotalUS,12
1.5195876062546319,107616.94925301262,organic,TotalUS,12
0.9298879725096614,109328.24292130479,conventional,West,12
1.4102695336518536,107620.44491865349,organic,West,12
0.8295500631361998,109289.89556545774,conventional,WestTexNewMexico,12
1.7002379353143309,107541.52570086779,organic,WestTexNewMexico,12
